{
    "pod1bottom":{
        "distortion":[
            [
                0.032462127915069985,
                -3.745090469644256,
                -0.030813545250578275,
                0.006779385458835105,
                216.0884033924644
            ]
        ],
        "intrinsic":[
            [
                6895.534644767895,
                0.0,
                764.1396759972937
            ],
            [
                0.0,
                6919.504011944831,
                343.6414357674053
            ],
            [
                0.0,
                0.0,
                1.0
            ]
        ],
        "rotation":[
            [
                0.9162315828941618,
                3.715247975596969e-05,
                0.4006490797779926
            ],
            [
                0.07689447166687624,
                -0.9814259482892489,
                -0.17575650272926055
            ],
            [
                0.3932008732624217,
                0.19184135801292132,
                -0.8992163069147641
            ]
        ],
        "translation":[
            [
                -1.38242633320533
            ],
            [
                10.605308291200359
            ],
            [
                153.40812424992413
            ]
        ]
    },
    "pod1colour":{
        "distortion":[
            [
                -0.0031580465935783153,
                2.0868170117835483,
                -0.02647921752340982,
                0.00786973470672108,
                94.30866202729706
            ]
        ],
        "intrinsic":[
            [
                6865.481237101401,
                0.0,
                768.9402815559807
            ],
            [
                0.0,
                6877.105510115328,
                449.76428030406584
            ],
            [
                0.0,
                0.0,
                1.0
            ]
        ],
        "rotation":[
            [
                0.9148385754699713,
                0.0013859107647253843,
                0.40381735980938993
            ],
            [
                0.03975308942362655,
                -0.9954459472858974,
                -0.08664327967799647
            ],
            [
                0.40185827441195143,
                0.09531760216998005,
                -0.9107274466069495
            ]
        ],
        "translation":[
            [
                -1.9566154387380248
            ],
            [
                7.7945235294741275
            ],
            [
                152.00699968598258
            ]
        ]
    },
    "pod1top":{
        "distortion":[
            [
                -0.047585849547434236,
                11.066494688064406,
                -0.021639291926531246,
                0.00832725554742738,
                -181.46344456626346
            ]
        ],
        "intrinsic":[
            [
                6852.552052315033,
                0.0,
                787.3243077798502
            ],
            [
                0.0,
                6855.896392793528,
                538.3234081615465
            ],
            [
                0.0,
                0.0,
                1.0
            ]
        ],
        "rotation":[
            [
                0.914547822206161,
                0.003810705934371929,
                0.4044598365947475
            ],
            [
                0.004759182831246344,
                -0.9999877776627185,
                -0.0013396656135760644
            ],
            [
                0.40444978807850407,
                0.0031500865796308944,
                -0.9145547801404759
            ]
        ],
        "translation":[
            [
                -2.2049496757824936
            ],
            [
                5.723965183939216
            ],
            [
                151.7842347336902
            ]
        ]
    },
    "pod2bottom":{
        "distortion":[
            [
                0.1354869605992521,
                -10.97612541895248,
                -0.03018464203798431,
                0.002428499208250072,
                435.10322711482996
            ]
        ],
        "intrinsic":[
            [
                6824.422401893072,
                0.0,
                657.7722472671175
            ],
            [
                0.0,
                6849.304449515916,
                403.51705213699955
            ],
            [
                0.0,
                0.0,
                1.0
            ]
        ],
        "rotation":[
            [
                0.9997334687293882,
                -0.0008749084145807866,
                -0.023070024654786487
            ],
            [
                -0.005045116010264741,
                -0.9834086348747604,
                -0.18133395616431885
            ],
            [
                -0.02252861084819326,
                0.1814020159453203,
                -0.983150939736226
            ]
        ],
        "translation":[
            [
                -1.4447819350289497
            ],
            [
                8.694681561026805
            ],
            [
                151.09461628628046
            ]
        ]
    },
    "pod2colour":{
        "distortion":[
            [
                0.17287783606882806,
                -15.838037984152836,
                -0.025500218580631943,
                0.004682997333509791,
                700.8017126217375
            ]
        ],
        "intrinsic":[
            [
                6801.19241670711,
                0.0,
                680.3591462757448
            ],
            [
                0.0,
                6813.192947723702,
                488.88901175531055
            ],
            [
                0.0,
                0.0,
                1.0
            ]
        ],
        "rotation":[
            [
                0.9997619986567577,
                0.0020542689913297103,
                -0.02171925460865489
            ],
            [
                0.00017067283555352098,
                -0.9962628448604407,
                -0.08637311399599187
            ],
            [
                -0.021815519994433312,
                0.08634885019207067,
                -0.9960260835730558
            ]
        ],
        "translation":[
            [
                -1.9851105517997774
            ],
            [
                6.618164322488072
            ],
            [
                149.63929433958324
            ]
        ]
    },
    "pod2top":{
        "distortion":[
            [
                0.18848758519229253,
                -15.674221889573348,
                -0.025267638826910258,
                0.00569952598665474,
                746.0984602620745
            ]
        ],
        "intrinsic":[
            [
                6805.440575456572,
                0.0,
                684.195070806418
            ],
            [
                0.0,
                6815.590628422885,
                504.2386635995794
            ],
            [
                0.0,
                0.0,
                1.0
            ]
        ],
        "rotation":[
            [
                0.9996490483383277,
                -0.005596220586930035,
                -0.025893290084852357
            ],
            [
                -0.005683229747943231,
                -0.9999784449853861,
                -0.0032879270431465293
            ],
            [
                -0.025874331989598997,
                0.003433930656169636,
                -0.9996593054957976
            ]
        ],
        "translation":[
            [
                -1.9996432583856676
            ],
            [
                6.55648619879889
            ],
            [
                149.16901243812208
            ]
        ]
    },