{
    "pod1primary":{
        "distortion":[
            [
                -0.011249065968231059,
                0.4248794825365916,
                -0.02821739143838284,
                0.010602858854696393,
                125.5339647724434
            ]
        ],
        "intrinsic":[
            [
                6878.475055825478,
                0.0,
                809.032278846393
            ],
            [
                0.0,
                6891.29907190875,
                391.68620896754527
            ],
            [
                0.0,
                0.0,
                1.0
            ]
        ],
        "rotation":[
            [
                0.882965477515872,
                -0.014813173551252657,
                0.46920415109471125
            ],
            [
                0.07722705366211643,
                -0.9813006953596053,
                -0.17630918146660382
            ],
            [
                0.46304205823859756,
                0.1919101747591714,
                -0.8653106593161022
            ]
        ],
        "translation":[
            [
                -2.7365820576679547
            ],
            [
                9.758560082422473
            ],
            [
                154.6545924416556
            ]
        ]
    },
    "pod1secondary":{
        "distortion":[
            [
                -0.11676547581812817,
                20.391835434284253,
                -0.019486429220092215,
                0.010959575683040417,
                -459.0439488381968
            ]
        ],
        "intrinsic":[
            [
                6784.537262595593,
                0.0,
                782.1250829286488
            ],
            [
                0.0,
                6778.039710047394,
                578.1420884357623
            ],
            [
                0.0,
                0.0,
                1.0
            ]
        ],
        "rotation":[
            [
                0.8835221959827614,
                -0.01057305200536926,
                0.46826994327747584
            ],
            [
                -0.006366521644100294,
                -0.9999239209129309,
                -0.010565026657127009
            ],
            [
                0.4683460223039734,
                0.006353184823563602,
                -0.8835222919851222
            ]
        ],
        "translation":[
            [
                -2.433325609824489
            ],
            [
                4.762340279609441
            ],
            [
                151.76127641520424
            ]
        ]
    },
    "pod1texture":{
        "distortion":[
            [
                -0.050801805731739653,
                2.4548652403577926,
                -0.02360542870262817,
                0.010008444107076752,
                155.5395982890015
            ]
        ],
        "intrinsic":[
            [
                6829.355794749636,
                0.0,
                766.7709176194392
            ],
            [
                0.0,
                6821.144258307634,
                471.03279628767746
            ],
            [
                0.0,
                0.0,
                1.0
            ]
        ],
        "rotation":[
            [
                0.8825772007239815,
                -0.012779556969980798,
                0.46999379536954783
            ],
            [
                0.03596050812337084,
                -0.9948675863576656,
                -0.09457974133175516
            ],
            [
                0.4687902799949359,
                0.10037513904609922,
                -0.8775878900963401
            ]
        ],
        "translation":[
            [
                -2.243134384120894
            ],
            [
                7.398506746030171
            ],
            [
                152.49531450750757
            ]
        ]
    },
    "pod2primary":{
        "distortion":[
            [
                0.1502668824418922,
                -16.21785995230991,
                -0.026635862296123598,
                0.003210103662791879,
                741.594590768676
            ]
        ],
        "intrinsic":[
            [
                6784.883079811832,
                0.0,
                660.5043547029406
            ],
            [
                0.0,
                6803.301016404727,
                469.6932911762428
            ],
            [
                0.0,
                0.0,
                1.0
            ]
        ],
        "rotation":[
            [
                0.9987201518446176,
                -0.010389436634394258,
                0.049498665698019154
            ],
            [
                -0.0007419770803292628,
                -0.9815788322010988,
                -0.19105613218303003
            ],
            [
                0.05057180805030227,
                0.19077488246922625,
                -0.9803302690672038
            ]
        ],
        "translation":[
            [
                -1.2666029361639555
            ],
            [
                7.442898792986619
            ],
            [
                151.87222652386166
            ]
        ]
    },
    "pod2secondary":{
        "distortion":[
            [
                0.06980003476502995,
                -0.70167416844348,
                -0.021477594571402133,
                0.0073497486745542455,
                244.5839631863101
            ]
        ],
        "intrinsic":[
            [
                6754.87293871351,
                0.0,
                709.0834282439638
            ],
            [
                0.0,
                6757.465540061506,
                569.7724677367041
            ],
            [
                0.0,
                0.0,
                1.0
            ]
        ],
        "rotation":[
            [
                0.9986835414292469,
                -0.014839499401920772,
                0.049101663269575734
            ],
            [
                -0.014040137229693982,
                -0.9997638815052061,
                -0.016584805823872777
            ],
            [
                0.04933617967485698,
                0.015873578523590587,
                -0.9986560823826918
            ]
        ],
        "translation":[
            [
                -2.208162701444806
            ],
            [
                5.0814822506069905
            ],
            [
                149.690363430544
            ]
        ]
    },
    "pod2texture":{
        "distortion":[
            [
                -12.4334190106193,
                4481.4250377939015,
                0.028652583339185862,
                0.0032228032936420575,
                7.0106897214370765
            ]
        ],
        "intrinsic":[
            [
                12983.296819924984,
                0.0,
                635.7970803136516
            ],
            [
                0.0,
                12883.346894427026,
                762.9926427077204
            ],
            [
                0.0,
                0.0,
                1.0
            ]
        ],
        "rotation":[
            [
                0.9940614589577068,
                -0.00739888549453332,
                0.10856828408110242
            ],
            [
                -0.002786045034232605,
                -0.9990892507806046,
                -0.042578244770272354
            ],
            [
                0.10878443715873792,
                0.042022915987455965,
                -0.9931767318881206
            ]
        ],
        "translation":[
            [
                -0.7521529656603593
            ],
            [
                0.6098899256740552
            ],
            [
                285.8310198372162
            ]
        ]
    },