{
    "pod1primary":{
        "distortion":[
            [
                -0.0787366,
               7.37258,
                -0.0241057,
                0.00777762,
                0.0
            ]
        ],
        "intrinsic":[
            [
                6781.99,
                0.0,
                737.083
            ],
            [
                0.0,
                6795.5,
                496.201
            ],
            [
                0.0,
                0.0,
                1.0
            ]
        ],
        "rotation":[
            [
                0.8886437,
                0.0706805,
                0.4531187
            ],
            [
                -0.0138285,
                -0.9834725,
                0.1805286
            ],
            [
                0.4583897,
                -0.1666916,
                -0.8729793
            ]
        ],
        "translation":[
            [
                -68.8132
            ],
            [
                -20.3377
            ],
            [
                135.208
            ]
        ]
    },
    "pod2texture":{
        "distortion":[
            [
                0.0642712,
                1.88412,
                -0.0229478,
                0.00781353,
                0.0
            ]
        ],
        "intrinsic":[
            [
                6704.43,
                0.0,
                723.978
            ],
            [
                0.0,
                6707.04,
                548.181
            ],
            [
                0.0,
                0.0,
                1.0
            ]
        ],
        "rotation":[
            [
                0.9985133,
                -0.0025075,
                0.0544510
            ],
            [
                -0.0076595,
                -0.9954843,
                0.0946166
            ],
            [
                0.0539679,
                -0.0948930,
                -0.9940236
            ]
        ],
        "translation":[
            [
                -5.38629
            ],
            [
                -8.74153
            ],
            [
                148.891
            ]
        ]
    },
    "pod3secondary":{
        "distortion":[
            [
                0.180352,
                -2.86258,
                -0.0249867,
                0.0045724,
                0.0
            ]
        ],
        "intrinsic":[
            [
                6692.98,
                0.0,
                743.576
            ],
            [
                0.0,
                6700.39,
                532.545
            ],
            [
                0.0,
                0.0,
                1.0
            ]
        ],
        "rotation":[
            [
                0.9281712,
                -0.0132888,
                -0.3719162
            ],
            [
                -0.0066726,
                -0.9997959,
                0.0190711
            ],
            [
                -0.3720937,
                -0.0152196,
                -0.9280704
            ]
        ],
        "translation":[
            [
                57.3886
            ],
            [
                2.79076
            ],
            [
                133.581
            ]
        ]
    },
}