{
    "pod1primary":{
        "distortion":[
            [
                0.02212455260950104,
                -3.096085113823903,
                -0.0302953025792424,
                0.006948585853683767,
                198.5222011548815
            ]
        ],
        "intrinsic":[
            [
                6897.761849244385,
                0.0,
                767.8342208177248
            ],
            [
                0.0,
                6919.707066280165,
                345.34666339916936
            ],
            [
                0.0,
                0.0,
                1.0
            ]
        ],
        "rotation":[
            [
                0.9159284687902429,
                -1.9790296813253228e-05,
                0.4013415498897485
            ],
            [
                0.07680935916709267,
                -0.981507076189084,
                -0.17534018859091116
            ],
            [
                0.39392304121985794,
                0.191425857707625,
                -0.8989887533206399
            ]
        ],
        "translation":[
            [
                -1.4648601119691542
            ],
            [
                10.568372458202735
            ],
            [
                153.44304774756966
            ]
        ]
    },
    "pod1secondary":{
        "distortion":[
            [
                -0.06543610115472376,
                13.365877528161151,
                -0.02158789404687502,
                0.008250774286922523,
                -267.37427497778685
            ]
        ],
        "intrinsic":[
            [
                6848.5148294870505,
                0.0,
                784.7485210962595
            ],
            [
                0.0,
                6851.630105830045,
                539.4330842177172
            ],
            [
                0.0,
                0.0,
                1.0
            ]
        ],
        "rotation":[
            [
                0.914626729853216,
                0.0037845795466555044,
                0.40428161224036413
            ],
            [
                0.004683836524002079,
                -0.9999882677312593,
                -0.0012353441834672112
            ],
            [
                0.40427219384151264,
                0.0030234677921616698,
                -0.9146337255585321
            ]
        ],
        "translation":[
            [
                -2.1475332548996917
            ],
            [
                5.6991661244249165
            ],
            [
                151.68796558286974
            ]
        ]
    },
    "pod1texture":{
        "distortion":[
            [
                0.0016141117226528418,
                0.8535829913364904,
                -0.026838553424306258,
                0.007777293646441719,
                146.7541075448184
            ]
        ],
        "intrinsic":[
            [
                6872.808862442611,
                0.0,
                767.2789214446966
            ],
            [
                0.0,
                6885.886879651526,
                444.00399196265556
            ],
            [
                0.0,
                0.0,
                1.0
            ]
        ],
        "rotation":[
            [
                0.9150236248886339,
                0.0014062263033602536,
                0.40339780418744087
            ],
            [
                0.04005270648897506,
                -0.9953694161517552,
                -0.08738138298643464
            ],
            [
                0.4014069588317736,
                0.096113203657446,
                -0.9108428544398475
            ]
        ],
        "translation":[
            [
                -1.9198662383467113
            ],
            [
                7.92157003442331
            ],
            [
                152.1688688486431
            ]
        ]
    },
    "pod2primary":{
        "distortion":[
            [
                0.14518930442988626,
                -12.539767902096797,
                -0.029784175266124934,
                0.0026009201888837707,
                493.4883304330704
            ]
        ],
        "intrinsic":[
            [
                6822.213777146602,
                0.0,
                660.609026393303
            ],
            [
                0.0,
                6846.095096709012,
                408.3760408216816
            ],
            [
                0.0,
                0.0,
                1.0
            ]
        ],
        "rotation":[
            [
                0.9997368740356708,
                -0.0009444768634695377,
                -0.02291922024939385
            ],
            [
                -0.005068693422931931,
                -0.9835499084429544,
                -0.18056546167204923
            ],
            [
                -0.022371657076984283,
                0.180634120711759,
                -0.9832958981884952
            ]
        ],
        "translation":[
            [
                -1.5080841027776524
            ],
            [
                8.587643808758969
            ],
            [
                151.05727490479595
            ]
        ]
    },
    "pod2secondary":{
        "distortion":[
            [
                0.17939563474733813,
                -13.735496891410625,
                -0.025044385456348482,
                0.0058390931706060216,
                666.9126701244678
            ]
        ],
        "intrinsic":[
            [
                6798.405915464728,
                0.0,
                685.5597146350632
            ],
            [
                0.0,
                6807.757942168508,
                510.17405121794803
            ],
            [
                0.0,
                0.0,
                1.0
            ]
        ],
        "rotation":[
            [
                0.9996571573739171,
                -0.005569757754314482,
                -0.025584087039749438
            ],
            [
                -0.005641953833624586,
                -0.9999803010944409,
                -0.002750596300903802
            ],
            [
                -0.02556826290615908,
                0.002893997517198406,
                -0.9996688895380971
            ]
        ],
        "translation":[
            [
                -2.0295795510610315
            ],
            [
                6.426804639460855
            ],
            [
                149.02398134041033
            ]
        ]
    },
    "pod2texture":{
        "distortion":[
            [
                0.17687018277741431,
                -16.19876590683707,
                -0.02597708321753605,
                0.004656984811704067,
                728.5634866212848
            ]
        ],
        "intrinsic":[
            [
                6806.843948535272,
                0.0,
                677.3425655110832
            ],
            [
                0.0,
                6819.286257145335,
                485.32900018546377
            ],
            [
                0.0,
                0.0,
                1.0
            ]
        ],
        "rotation":[
            [
                0.9997577140316841,
                0.002065279101146892,
                -0.021914558092152186
            ],
            [
                0.00015953601753877268,
                -0.9962422765829471,
                -0.086610050785609
            ],
            [
                -0.02201108317187173,
                0.08658557022426443,
                -0.9960012305446916
            ]
        ],
        "translation":[
            [
                -1.9185745282228575
            ],
            [
                6.696781990561337
            ],
            [
                -149.7592060761541
            ]
        ]
    },