{
    "pod1primary":{
        "distortion":[
            [
                -0.046007901430130005
            ],
            [
                11.09119987487793
            ],
            [
                0.0
            ],
            [
                0.0
            ],
            [
                0.0
            ]
        ],
        "intrinsic":[
            [
                6728.987564687952,
                0.0,
                615.7287714820119
            ],
            [
                0.0,
                6729.325737526132,
                906.233769354751
            ],
            [
                0.0,
                0.0,
                1.0
            ]
        ],
        "rotation":[
            [
                0.8971852377294824,
                -0.012329159352570118,
                0.44148232244332464
            ],
            [
                0.04454381534289206,
                -0.9919871997989341,
                -0.1182253946906835
            ],
            [
                0.43940243253194566,
                0.12573538588928931,
                -0.8894470838786761
            ]
        ],
        "translation":[
            [
                1.6410844482638258
            ],
            [
                -1.8683848478325744
            ],
            [
                152.1998177634914
            ]
        ]
    },
    "pod1secondary":{
        "distortion":[
            [
                -0.07217690348625183
            ],
            [
                10.498100280761719
            ],
            [
                0.0
            ],
            [
                0.0
            ],
            [
                0.0
            ]
        ],
        "intrinsic":[
            [
                6792.883826167873,
                0.0,
                677.3550591996085
            ],
            [
                0.0,
                6794.2873424316995,
                896.7349092316914
            ],
            [
                0.0,
                0.0,
                1.0
            ]
        ],
        "rotation":[
            [
                0.892938570001672,
                -0.011652587370637497,
                0.4500276962709507
            ],
            [
                -0.02698129805036778,
                -0.9992531271407374,
                0.027662202641410387
            ],
            [
                0.44936924656554617,
                -0.036842979073724365,
                -0.892586060351654
            ]
        ],
        "translation":[
            [
                -0.08025321271682476
            ],
            [
                -2.3969196452039845
            ],
            [
                152.6611452146366
            ]
        ]
    },
    "pod1texture":{
        "distortion":[
            [
                0.056903500109910965
            ],
            [
                1.388010025024414
            ],
            [
                0.0
            ],
            [
                0.0
            ],
            [
                0.0
            ]
        ],
        "intrinsic":[
            [
                6622.379850334705,
                0.0,
                508.71114097349556
            ],
            [
                0.0,
                6588.855309156521,
                902.5973436543594
            ],
            [
                0.0,
                0.0,
                1.0
            ]
        ],
        "rotation":[
            [
                0.898732491205541,
                -0.011944575656262566,
                0.4383346168897383
            ],
            [
                0.007962601606897544,
                -0.999019552282621,
                -0.043549180620090985
            ],
            [
                0.43842502919784543,
                0.042629347513459495,
                -0.8977562210886901
            ]
        ],
        "translation":[
            [
                3.5396272739597117
            ],
            [
                -2.298887041626546
            ],
            [
                148.2102803557841
            ]
        ]
    },
    "pod2primary":{
        "distortion":[
            [
                0.05981859937310219
            ],
            [
                3.7246201038360596
            ],
            [
                0.0
            ],
            [
                0.0
            ],
            [
                0.0
            ]
        ],
        "intrinsic":[
            [
                6283.38238555422,
                0.0,
                591.1222516925363
            ],
            [
                0.0,
                6305.253469206292,
                1030.0017749352621
            ],
            [
                0.0,
                0.0,
                1.0
            ]
        ],
        "rotation":[
            [
                0.9992307366513743,
                -0.009259298365397182,
                0.038107746258902064
            ],
            [
                -0.003865710363859527,
                -0.9902505075788416,
                -0.13924434826314952
            ],
            [
                0.039025520041827244,
                0.13898991917987102,
                -0.9895245379230562
            ]
        ],
        "translation":[
            [
                0.2918845008442773
            ],
            [
                -5.111649475043237
            ],
            [
                141.05182952385
            ]
        ]
    },
    "pod2secondary":{
        "distortion":[
            [
                0.06427119672298431
            ],
            [
                1.884119987487793
            ],
            [
                0.0
            ],
            [
                0.0
            ],
            [
                0.0
            ]
        ],
        "intrinsic":[
            [
                6695.436146207019,
                0.0,
                591.6354873398753
            ],
            [
                0.0,
                6685.793172697639,
                866.2839067437949
            ],
            [
                0.0,
                0.0,
                1.0
            ]
        ],
        "rotation":[
            [
                0.9993491147874137,
                -0.015052484593075495,
                0.03278367705410525
            ],
            [
                -0.015621635322263306,
                -0.9997304659165465,
                0.017174400372154824
            ],
            [
                0.03251632333876107,
                -0.017675356456379635,
                -0.9993149005647164
            ]
        ],
        "translation":[
            [
                0.40199427766657064
            ],
            [
                -1.5130679338289674
            ],
            [
                148.65849058322448
            ]
        ]
    },
    "pod2texture":{
        "distortion":[
            [
                0.17667099833488464
            ],
            [
                -1.6294200420379639
            ],
            [
                0.0
            ],
            [
                0.0
            ],
            [
                0.0
            ]
        ],
        "intrinsic":[
            [
                6528.416558377496,
                0.0,
                580.133407573092
            ],
            [
                0.0,
                6525.413755049473,
                899.889762566438
            ],
            [
                0.0,
                0.0,
                1.0
            ]
        ],